email,passwordHash,role
user1@gmail.com,123,USER
user2@gmail.com,234,USER
user3@gmail.com,345,USER
user4@gmail.com,456,USER
user5@gmail.com,567,USER
user6@gmail.com,678,USER
user7@gmail.com,789,USER
user8@gmail.com,890,USER
user9@gmail.com,111,USER
user10@gmail.com,222,USER
user11@gmail.com,333,USER
user12@gmail.com,444,USER
user13@gmail.com,555,USER
user14@gmail.com,666,USER
user15@gmail.com,777,USER
user16@gmail.com,888,USER
user17@gmail.com,999,USER
user18@gmail.com,112,USER
user19@gmail.com,223,USER
user20@gmail.com,334,USER
user21@gmail.com,445,USER
user22@gmail.com,556,USER
user23@gmail.com,667,USER
user24@gmail.com,778,USER
user25@gmail.com,889,USER
user26@gmail.com,990,USER
user27@gmail.com,101,USER
user28@gmail.com,202,USER
user29@gmail.com,303,USER
user30@gmail.com,404,USER
user31@gmail.com,505,USER
user32@gmail.com,606,USER
user33@gmail.com,707,USER
user34@gmail.com,808,USER
user35@gmail.com,909,USER
user36@gmail.com,121,USER
user37@gmail.com,232,USER
user38@gmail.com,343,USER
user39@gmail.com,454,USER
user40@gmail.com,565,USER
user41@gmail.com,676,USER
user42@gmail.com,787,USER
user43@gmail.com,898,USER
user44@gmail.com,909,USER
user45@gmail.com,212,USER
user46@gmail.com,323,USER
user47@gmail.com,434,USER
user48@gmail.com,545,USER
user49@gmail.com,656,USER
user50@gmail.com,767,USER
user51@gmail.com,878,USER
user52@gmail.com,989,USER
user53@gmail.com,147,USER
user54@gmail.com,258,USER
user55@gmail.com,369,USER
user56@gmail.com,159,USER
user57@gmail.com,753,USER
user58@gmail.com,852,USER
user59@gmail.com,951,USER
user60@gmail.com,357,USER
user61@gmail.com,468,USER
user62@gmail.com,579,USER
user63@gmail.com,680,USER
user64@gmail.com,791,USER
user65@gmail.com,802,USER
user66@gmail.com,913,USER
user67@gmail.com,024,USER
user68@gmail.com,135,USER
user69@gmail.com,246,USER
user70@gmail.com,357,USER
user71@gmail.com,468,USER
user72@gmail.com,579,USER
user73@gmail.com,681,USER
user74@gmail.com,792,USER
user75@gmail.com,803,USER
user76@gmail.com,914,USER
user77@gmail.com,125,USER
user78@gmail.com,236,USER
user79@gmail.com,347,USER
user80@gmail.com,458,USER
user81@gmail.com,569,USER
user82@gmail.com,670,USER
user83@gmail.com,781,USER
user84@gmail.com,892,USER
user85@gmail.com,903,USER
user86@gmail.com,014,USER
user87@gmail.com,125,USER
user88@gmail.com,236,USER
user89@gmail.com,347,USER
user90@gmail.com,458,USER
user91@gmail.com,111,ADMIN
user92@gmail.com,222,ADMIN
user93@gmail.com,333,ADMIN
user94@gmail.com,444,ADMIN
user95@gmail.com,555,ADMIN
user96@gmail.com,666,ADMIN
user97@gmail.com,777,ADMIN
user98@gmail.com,888,ADMIN
user99@gmail.com,999,ADMIN
user100@gmail.com,101,ADMIN
user101@gmail.com,123,AMBULANCE
user102@gmail.com,234,AMBULANCE
user103@gmail.com,345,AMBULANCE
user104@gmail.com,456,AMBULANCE
user105@gmail.com,567,AMBULANCE
user106@gmail.com,678,AMBULANCE
user107@gmail.com,789,AMBULANCE
user108@gmail.com,890,AMBULANCE
user109@gmail.com,111,AMBULANCE
user110@gmail.com,222,AMBULANCE
user111@gmail.com,333,USER
user112@gmail.com,444,USER
user113@gmail.com,555,USER
user114@gmail.com,666,USER
user115@gmail.com,777,USER
user116@gmail.com,888,USER
user117@gmail.com,999,USER
user118@gmail.com,123,USER
user119@gmail.com,234,USER
user120@gmail.com,345,USER
user121@gmail.com,456,USER
user122@gmail.com,567,USER